Emotion,Topic,Frequency
Sadness,"ive, little, feel, im, feeling",0
Sadness,"get, day, time, feeling, feel",0
Sadness,"want, people, know, like, feel",0
Joy,"want, people, know, like, feel",0
Joy,"really, pretty, im, feeling, feel",0
Joy,"im, back, get, feeling, feel",0
Love,"romantic, sweet, feel, im, feeling",0
Love,"people, loved, love, like, feel",0
Love,"liked, hot, like, feeling, feel",0
Anger,"things, really, im, feel, feeling",0
Anger,"want, people, would, like, feel",0
Anger,"rushed, day, stressed, time, feeling",0
Fear,"helpless, life, want, like, feel",0
Fear,"really, little, feel, im, feeling",0
Fear,"shy, vulnerable, people, feeling, feel",0
Surprise,"strange, funny, feels, shocked, feeling",0
Surprise,"dazed, overwhelmed, im, feel, feeling",0
Surprise,"curious, weird, amazed, like, feel",0
